Dell Inc.,D0:43:1E:00:00:00
Dell Inc.,00:C0:4F:00:00:00
Dell Inc.,00:B0:D0:00:00:00
Lenovo,80:96:21:00:00:00
Lenovo,10:C5:95:00:00:00
Lenovo,10:C5:95:00:00:00
Hp Inc.,64:4E:D7:00:00:00
Hp Inc.,7C:4D:8F:00:00:00
Hp Inc.,5C:60:BA:00:00:00
Asustek Computer Inc.,04:92:26:00:00:00
Asustek Computer Inc.,18:31:BF:00:00:00
Asustek Computer Inc.,88:D7:F6:00:00:00
"Vivo Mobile Communication Co., Ltd.",64:EC:65:00:00:00
"Vivo Mobile Communication Co., Ltd.",6C:D1:99:00:00:00
"Vivo Mobile Communication Co., Ltd.",28:BE:43:00:00:00
"Samsung Electronics Co.,Ltd",64:1B:2F:00:00:00
"Samsung Electronics Co.,Ltd",9C:73:B1:00:00:00
"Samsung Electronics Co.,Ltd",38:8A:06:00:00:00
Acer Incorporated,00:01:24:00:00:00
Acer Technologies Corp.,00:00:E2:00:00:00
Acer Inc.,C0:98:79:00:00:00
"Apple, Inc.",F0:EE:7A:00:00:00
"Apple, Inc.",58:AD:12:00:00:00
"Apple, Inc.",60:FD:A6:00:00:00
"Corsair Memory, Inc.",80:7B:1E:00:00:00
"Huawei Technologies Co.,Ltd",E0:06:30:00:00:00
"Huawei Technologies Co.,Ltd",D8:DA:F1:00:00:00
"Huawei Technologies Co.,Ltd",54:44:3B:00:00:00
"Samsung Electronics Co.,Ltd",64:1B:2F:00:00:00
"Samsung Electronics Co.,Ltd",9C:73:B1:00:00:00
"Samsung Electronics Co.,Ltd",38:8A:06:00:00:00
Lg Electronics (Mobile Communications),A0:4F:85:00:00:00
Lg Electronics (Mobile Communications),7C:F3:1B:00:00:00
Lg Electronics (Mobile Communications),AC:F6:F7:00:00:00
Microsoft Corporation,70:F8:AE:00:00:00
Microsoft Corporation,20:16:42:00:00:00
Microsoft Corporation,C4:61:C7:00:00:00
Nokia,90:EC:E3:00:00:00
Nokia,B8:51:A9:00:00:00
Nokia,5C:76:D5:00:00:00
"Realme Chongqing Mobile Telecommunications Corp.,Ltd.",5C:A0:6C:00:00:00
"Realme Chongqing Mobile Telecommunications Corp.,Ltd.",E4:8C:73:00:00:00
"Realme Chongqing Mobile Telecommunications Corp.,Ltd.",F8:AD:24:00:00:00
Vaio Corporation,CC:30:80:00:00:00
Xiaomi Communications Co Ltd,CC:EB:5E:00:00:00
Xiaomi Communications Co Ltd,B8:EA:98:00:00:00
Xiaomi Communications Co Ltd,F4:1A:9C:00:00:00
Toshiba,00:15:B7:00:00:00
Toshiba,E8:9D:87:00:00:00
Toshiba,78:D6:B2:00:00:00
"Google, Inc.",60:70:6C:00:00:00
"Google, Inc.",C8:2A:DD:00:00:00
"Google, Inc.",24:29:34:00:00:00
Sony Corporation,00:1F:E4:00:00:00
Sony Corporation,00:23:45:00:00:00
Sony Corporation,6C:0E:0D:00:00:00
"Motorola Mobility Llc, A Lenovo Company",50:16:F4:00:00:00
"Motorola Mobility Llc, A Lenovo Company",C4:A0:52:00:00:00
"Motorola Mobility Llc, A Lenovo Company",C8:58:95:00:00:00
"Tcl King Electrical Appliances(Huizhou)Co.,Ltd",08:C3:B3:00:00:00
"Tcl King Electrical Appliances(Huizhou)Co.,Ltd",C0:79:82:00:00:00
"Tcl King Electrical Appliances (Huizhou) Co., Ltd",3C:59:1E:00:00:00
Zte Corporation,F0:1B:24:00:00:00
Zte Corporation,98:EE:8C:00:00:00
Zte Corporation,90:C7:10:00:00:00
"Oneplus Technology (Shenzhen) Co., Ltd",AC:C0:48:00:00:00
"Oneplus Technology (Shenzhen) Co., Ltd",5C:17:CF:00:00:00
"Oneplus Electronics (Shenzhen) Co., Ltd.",A0:91:A2:00:00:00
Blackberry Rts,48:9D:24:00:00:00
Blackberry Rts,00:25:57:00:00:00
Blackberry Rts,00:1C:CC:00:00:00
"Honor Device Co., Ltd.",0C:B9:83:00:00:00
"Honor Device Co., Ltd.",2C:B3:01:00:00:00
"Honor Device Co., Ltd.",40:D4:F6:00:00:00
Tecno Mobile Limited,78:3A:6C:00:00:00
Tecno Mobile Limited,4C:E1:9E:00:00:00
Tecno Mobile Limited,70:9F:A9:00:00:00
"Guangdong Oppo Mobile Telecommunications Corp.,Ltd",E4:40:97:00:00:00
"Guangdong Oppo Mobile Telecommunications Corp.,Ltd",DC:B4:CA:00:00:00
"Guangdong Oppo Mobile Telecommunications Corp.,Ltd",D4:BA:FA:00:00:00
"Meizu Technology Co.,Ltd.",5C:CD:7C:00:00:00
"Meizu Technology Co., Ltd.",38:BC:1A:00:00:00
"Meizu Technology Co., Ltd.",68:3E:34:00:00:00
Vodafone Italia S.P.A.,60:1B:52:00:00:00
Vodafone Italia S.P.A.,80:16:05:00:00:00
Vodafone Italia S.P.A.,14:14:59:00:00:00
Htc Corporation,40:4E:36:00:00:00
Htc Corporation,AC:37:43:00:00:00
Htc Corporation,90:21:55:00:00:00
Infinix Mobility Limited,E8:C2:DD:00:00:00
Infinix Mobility Limited,0C:01:DB:00:00:00
Infinix Mobility Limited,28:D2:5A:00:00:00
,
,
,
,
,
,
,
,
,
,
,
,
,
,
,
,
,
,
,
,
,
,
,
,
,
,
,
,
,
,
,
,
,
,
,
,
,
,
,
,
,
,
,
,
,
,
,
,
,
,
,
,
,
,
,
,
,
,
,
,
,
,
,
,
,
,
,
,
,
,
,
,
,
,
,
,
,
,
,
,
,
,
,
,
,
,
,
,
,
,
,
,
,
,
,
,
,
,
,
,
,
,
,
,
,
,
,
,
,
,
,
,
,
,
,
,
,
,
,
,
,
,
,
,
,
,
,
,
,
,
,
,
,
,
,
,
,
,
,
,
,
,
,
,
,
,
,
,
,
,
,
,
